{
    "model_version": "1.0.0",
    "created_at": "20251102_234406",
    "model_type": "SARIMAX",
    "order": [
        0,
        0,
        0
    ],
    "seasonal_order": [
        0,
        1,
        0,
        4
    ],
    "training_samples": 22,
    "performance": {
        "aic": 406.7509619653671,
        "bic": 407.5841753094233,
        "cv_mae": 19699.136518999992,
        "test_r2": -0.014420501685366016,
        "test_mae": 25139.951031999994,
        "test_rmse": 34827.839209117636
    },
    "data_info": {
        "start_period": "2020 I",
        "end_period": "2025 II",
        "n_observations": 22,
        "target_variable": "Nağd_pul_kredit_satışı"
    },
    "future_forecast": {
        "periods": [
            "2025 Q3",
            "2025 Q4",
            "2026 Q1",
            "2026 Q2"
        ],
        "values": [
            126285.4138,
            110883.18507,
            93983.08141,
            29173.984039999996
        ],
        "lower_ci": [
            65644.33019369005,
            50242.101463690065,
            33341.99780369006,
            -31467.099566309946
        ],
        "upper_ci": [
            186926.49740630994,
            171524.26867630996,
            154624.16501630994,
            89815.06764630994
        ]
    },
    "diagnostics": {
        "ljung_box_pvalue": 0.6885289720995893,
        "jarque_bera_pvalue": 0.7683941149069856,
        "residuals_mean": 23082.938534117653,
        "residuals_std": 24223.954734721094
    }
}